{
  "GA-0": 1.0,
  "GA-180": 1.0,
  "GA-L": 1.0,
  "GA-R": 1.0,
  "JU-0": 0.7983671393610686,
  "JU-180": 0.7983671393610686,
  "JU-L": 0.7983671393610686,
  "JU-R": 0.7983671393610686
}